TestCaseID,MonthTalkTime,YearUnpaidNum,UnpaidCostAcrossYear,PayMethod,ExpectedOutput,ActualOutput,Correctness,Time,TesterName
0,30,0,0,Alipay,29.455,29.455,True,2021-05-10 11:44:55,Spidey Sandwich
1,90,0,0,Alipay,38.2975,38.2975,True,2021-05-10 11:44:55,Spidey Sandwich
2,150,0,0,Alipay,47.05,47.05,True,2021-05-10 11:44:55,Spidey Sandwich
3,240,0,0,Alipay,60.1,60.1,True,2021-05-10 11:44:55,Spidey Sandwich
4,320,0,0,Alipay,71.56,71.56,True,2021-05-10 11:44:55,Spidey Sandwich
5,30,2,0,Alipay,29.5,29.5,True,2021-05-10 11:44:55,Spidey Sandwich
6,90,3,0,Alipay,38.5,38.5,True,2021-05-10 11:44:55,Spidey Sandwich
7,150,4,0,Alipay,47.5,47.5,True,2021-05-10 11:44:55,Spidey Sandwich
8,240,4,0,Alipay,61.0,61.0,True,2021-05-10 11:44:55,Spidey Sandwich
9,320,7,0,Alipay,73.0,73.0,True,2021-05-10 11:44:55,Spidey Sandwich
10,30,0,250,Alipay,41.955,29.455,False,2021-05-10 11:44:55,Spidey Sandwich
11,90,0,250,Alipay,50.7975,38.2975,False,2021-05-10 11:44:55,Spidey Sandwich
12,150,0,250,Alipay,59.55,47.05,False,2021-05-10 11:44:55,Spidey Sandwich
13,240,0,250,Alipay,72.6,60.1,False,2021-05-10 11:44:55,Spidey Sandwich
14,320,0,250,Alipay,84.06,71.56,False,2021-05-10 11:44:55,Spidey Sandwich
15,30,2,250,Alipay,42.0,29.5,False,2021-05-10 11:44:55,Spidey Sandwich
16,90,3,250,Alipay,51.0,38.5,False,2021-05-10 11:44:55,Spidey Sandwich
17,150,4,250,Alipay,60.0,47.5,False,2021-05-10 11:44:55,Spidey Sandwich
18,240,4,250,Alipay,73.5,61.0,False,2021-05-10 11:44:55,Spidey Sandwich
19,320,7,250,Alipay,85.5,73.0,False,2021-05-10 11:44:55,Spidey Sandwich
20,-1,0,0,Alipay,error,error,True,2021-05-10 11:44:55,Spidey Sandwich
21,30,-1,0,Alipay,error,error,True,2021-05-10 11:44:55,Spidey Sandwich
22,30,0,-1,Alipay,error,29.455,False,2021-05-10 11:44:55,Spidey Sandwich
23,44641,0,0,Alipay,error,error,True,2021-05-10 11:44:55,Spidey Sandwich
24,30,12,0,Alipay,error,error,True,2021-05-10 11:44:55,Spidey Sandwich
25,30,0,501,Alipay,error,29.455,False,2021-05-10 11:44:55,Spidey Sandwich
